,0,1,2,3,4
track_name,BRAF,BRAF,BRAF,BRAF,BRAF
track_type,CNA,MUTATIONS,MRNA,PROTEIN,STRUCTURAL_VARIANT
TCGA-A6-2672,,Missense Mutation (putative driver),,,
TCGA-A6-2676,,Missense Mutation (putative driver),,,
TCGA-AA-A00D,,Missense Mutation (putative driver),,,
TCGA-AA-A00J,,Missense Mutation (putative driver),,,
TCGA-AA-A01D,,Missense Mutation (putative driver),,,
TCGA-AA-A01P,,Missense Mutation (putative driver),,,
TCGA-AA-A022,,Missense Mutation (putative driver),,,
TCGA-AA-3516,,Missense Mutation (putative driver),,,
TCGA-AA-3525,,Missense Mutation (putative driver),,,
TCGA-AA-3543,,Missense Mutation (putative driver),,,
TCGA-AA-3664,,Missense Mutation (putative driver),,,
TCGA-AA-3684,,Missense Mutation (putative driver),,,
TCGA-AA-3715,,Missense Mutation (putative driver),,,
TCGA-AA-3821,,Missense Mutation (putative driver),,,
TCGA-AA-3833,,Missense Mutation (putative driver),,,
TCGA-AA-3877,,Missense Mutation (putative driver),,,
TCGA-AA-3947,,Missense Mutation (putative driver),,,
TCGA-AA-3949,,Missense Mutation (putative driver),,,
TCGA-AA-3966,,Missense Mutation (putative driver),,,
TCGA-AG-A002,,Missense Mutation (putative driver),,,
TCGA-AG-3578,,Missense Mutation (putative driver),,,
TCGA-AA-3542,,Missense Mutation (putative passenger),,,
TCGA-A6-2674,,no mutation,,,
TCGA-A6-2677,,no mutation,,,
TCGA-A6-2678,,no mutation,,,
TCGA-A6-2683,,no mutation,,,
TCGA-A6-3807,,no mutation,,,
TCGA-A6-3808,,no mutation,,,
TCGA-A6-3810,,no mutation,,,
TCGA-AA-A00A,,no mutation,,,
TCGA-AA-A00E,,no mutation,,,
TCGA-AA-A00F,,no mutation,,,
TCGA-AA-A00K,,no mutation,,,
TCGA-AA-A00L,,no mutation,,,
TCGA-AA-A00N,,no mutation,,,
TCGA-AA-A00O,,no mutation,,,
TCGA-AA-A00Q,,no mutation,,,
TCGA-AA-A00R,,no mutation,,,
TCGA-AA-A00U,,no mutation,,,
TCGA-AA-A00W,,no mutation,,,
TCGA-AA-A00Z,,no mutation,,,
TCGA-AA-A01F,,no mutation,,,
TCGA-AA-A01G,,no mutation,,,
TCGA-AA-A01I,,no mutation,,,
TCGA-AA-A01K,,no mutation,,,
TCGA-AA-A01Q,,no mutation,,,
TCGA-AA-A01R,,no mutation,,,
TCGA-AA-A01S,,no mutation,,,
TCGA-AA-A01T,,no mutation,,,
TCGA-AA-A01V,,no mutation,,,
TCGA-AA-A01X,,no mutation,,,
TCGA-AA-A01Z,,no mutation,,,
TCGA-AA-A02F,,no mutation,,,
TCGA-AA-A02H,,no mutation,,,
TCGA-AA-A02J,,no mutation,,,
TCGA-AA-A02O,,no mutation,,,
TCGA-AA-A02W,,no mutation,,,
TCGA-AA-A02Y,,no mutation,,,
TCGA-AA-A03F,,no mutation,,,
TCGA-AA-A03J,,no mutation,,,
TCGA-AA-A004,,no mutation,,,
TCGA-AA-A010,,no mutation,,,
TCGA-AA-A017,,no mutation,,,
TCGA-AA-A024,,no mutation,,,
TCGA-AA-A029,,no mutation,,,
TCGA-AA-3514,,no mutation,,,
TCGA-AA-3517,,no mutation,,,
TCGA-AA-3518,,no mutation,,,
TCGA-AA-3519,,no mutation,,,
TCGA-AA-3520,,no mutation,,,
TCGA-AA-3521,,no mutation,,,
TCGA-AA-3522,,no mutation,,,
TCGA-AA-3524,,no mutation,,,
TCGA-AA-3526,,no mutation,,,
TCGA-AA-3527,,no mutation,,,
TCGA-AA-3529,,no mutation,,,
TCGA-AA-3530,,no mutation,,,
TCGA-AA-3531,,no mutation,,,
TCGA-AA-3532,,no mutation,,,
TCGA-AA-3534,,no mutation,,,
TCGA-AA-3538,,no mutation,,,
TCGA-AA-3544,,no mutation,,,
TCGA-AA-3548,,no mutation,,,
TCGA-AA-3549,,no mutation,,,
TCGA-AA-3552,,no mutation,,,
TCGA-AA-3553,,no mutation,,,
TCGA-AA-3554,,no mutation,,,
TCGA-AA-3555,,no mutation,,,
TCGA-AA-3556,,no mutation,,,
TCGA-AA-3558,,no mutation,,,
TCGA-AA-3560,,no mutation,,,
TCGA-AA-3561,,no mutation,,,
TCGA-AA-3562,,no mutation,,,
TCGA-AA-3666,,no mutation,,,
TCGA-AA-3667,,no mutation,,,
TCGA-AA-3672,,no mutation,,,
TCGA-AA-3673,,no mutation,,,
TCGA-AA-3678,,no mutation,,,
TCGA-AA-3679,,no mutation,,,
TCGA-AA-3680,,no mutation,,,
TCGA-AA-3681,,no mutation,,,
TCGA-AA-3685,,no mutation,,,
TCGA-AA-3688,,no mutation,,,
TCGA-AA-3692,,no mutation,,,
TCGA-AA-3693,,no mutation,,,
TCGA-AA-3695,,no mutation,,,
TCGA-AA-3696,,no mutation,,,
TCGA-AA-3710,,no mutation,,,
TCGA-AA-3811,,no mutation,,,
TCGA-AA-3812,,no mutation,,,
TCGA-AA-3814,,no mutation,,,
TCGA-AA-3818,,no mutation,,,
TCGA-AA-3819,,no mutation,,,
TCGA-AA-3831,,no mutation,,,
TCGA-AA-3837,,no mutation,,,
TCGA-AA-3842,,no mutation,,,
TCGA-AA-3844,,no mutation,,,
TCGA-AA-3845,,no mutation,,,
TCGA-AA-3846,,no mutation,,,
TCGA-AA-3848,,no mutation,,,
TCGA-AA-3850,,no mutation,,,
TCGA-AA-3851,,no mutation,,,
TCGA-AA-3852,,no mutation,,,
TCGA-AA-3854,,no mutation,,,
TCGA-AA-3855,,no mutation,,,
TCGA-AA-3856,,no mutation,,,
TCGA-AA-3858,,no mutation,,,
TCGA-AA-3860,,no mutation,,,
TCGA-AA-3864,,no mutation,,,
TCGA-AA-3866,,no mutation,,,
TCGA-AA-3867,,no mutation,,,
TCGA-AA-3869,,no mutation,,,
TCGA-AA-3870,,no mutation,,,
TCGA-AA-3872,,no mutation,,,
TCGA-AA-3875,,no mutation,,,
TCGA-AA-3930,,no mutation,,,
TCGA-AA-3939,,no mutation,,,
TCGA-AA-3941,,no mutation,,,
TCGA-AA-3952,,no mutation,,,
TCGA-AA-3955,,no mutation,,,
TCGA-AA-3956,,no mutation,,,
TCGA-AA-3971,,no mutation,,,
TCGA-AA-3972,,no mutation,,,
TCGA-AA-3973,,no mutation,,,
TCGA-AA-3975,,no mutation,,,
TCGA-AA-3976,,no mutation,,,
TCGA-AA-3977,,no mutation,,,
TCGA-AA-3979,,no mutation,,,
TCGA-AA-3980,,no mutation,,,
TCGA-AA-3982,,no mutation,,,
TCGA-AA-3984,,no mutation,,,
TCGA-AA-3986,,no mutation,,,
TCGA-AA-3989,,no mutation,,,
TCGA-AA-3994,,no mutation,,,
TCGA-AF-2689,,no mutation,,,
TCGA-AF-2691,,no mutation,,,
TCGA-AF-2692,,no mutation,,,
TCGA-AF-3400,,no mutation,,,
TCGA-AF-3913,,no mutation,,,
TCGA-AG-A00C,,no mutation,,,
TCGA-AG-A00H,,no mutation,,,
TCGA-AG-A00Y,,no mutation,,,
TCGA-AG-A01L,,no mutation,,,
TCGA-AG-A01W,,no mutation,,,
TCGA-AG-A01Y,,no mutation,,,
TCGA-AG-A02G,,no mutation,,,
TCGA-AG-A02N,,no mutation,,,
TCGA-AG-A02X,,no mutation,,,
TCGA-AG-A008,,no mutation,,,
TCGA-AG-A011,,no mutation,,,
TCGA-AG-A014,,no mutation,,,
TCGA-AG-A015,,no mutation,,,
TCGA-AG-A016,,no mutation,,,
TCGA-AG-A020,,no mutation,,,
TCGA-AG-A025,,no mutation,,,
TCGA-AG-A026,,no mutation,,,
TCGA-AG-A032,,no mutation,,,
TCGA-AG-A036,,no mutation,,,
TCGA-AG-3574,,no mutation,,,
TCGA-AG-3575,,no mutation,,,
TCGA-AG-3580,,no mutation,,,
TCGA-AG-3581,,no mutation,,,
TCGA-AG-3582,,no mutation,,,
TCGA-AG-3583,,no mutation,,,
TCGA-AG-3584,,no mutation,,,
TCGA-AG-3586,,no mutation,,,
TCGA-AG-3587,,no mutation,,,
TCGA-AG-3593,,no mutation,,,
TCGA-AG-3594,,no mutation,,,
TCGA-AG-3598,,no mutation,,,
TCGA-AG-3599,,no mutation,,,
TCGA-AG-3600,,no mutation,,,
TCGA-AG-3601,,no mutation,,,
TCGA-AG-3602,,no mutation,,,
TCGA-AG-3605,,no mutation,,,
TCGA-AG-3608,,no mutation,,,
TCGA-AG-3609,,no mutation,,,
TCGA-AG-3611,,no mutation,,,
TCGA-AG-3612,,no mutation,,,
TCGA-AG-3726,,no mutation,,,
TCGA-AG-3727,,no mutation,,,
TCGA-AG-3878,,no mutation,,,
TCGA-AG-3881,,no mutation,,,
TCGA-AG-3882,,no mutation,,,
TCGA-AG-3883,,no mutation,,,
TCGA-AG-3887,,no mutation,,,
TCGA-AG-3890,,no mutation,,,
TCGA-AG-3892,,no mutation,,,
TCGA-AG-3893,,no mutation,,,
TCGA-AG-3894,,no mutation,,,
TCGA-AG-3896,,no mutation,,,
TCGA-AG-3898,,no mutation,,,
TCGA-AG-3901,,no mutation,,,
TCGA-AG-3902,,no mutation,,,
TCGA-AG-3909,,no mutation,,,
TCGA-AG-3999,,no mutation,,,
TCGA-AG-4001,,no mutation,,,
TCGA-AG-4005,,no mutation,,,
TCGA-AG-4007,,no mutation,,,
TCGA-AG-4008,,no mutation,,,
TCGA-AG-4015,,no mutation,,,
TCGA-AY-4070,,no mutation,,,
TCGA-AY-4071,,no mutation,,,
